[
  {
    "label": "Deutsch",
    "id": "latin::de",
    "inputIds": [
      "de"
    ],
    "preload": true,
    "imEngineId": "latin",
    "dictFilePath": "dictionaries/de.dict"
  },
  {
    "label": "English",
    "id": "latin::en_us",
    "inputIds": [
      "en",
      "en-Dvorak"
    ],
    "preload": true,
    "imEngineId": "latin",
    "dictFilePath": "dictionaries/en_us.dict"
  },
  {
    "label": "Español",
    "id": "latin::es",
    "inputIds": [
      "es"
    ],
    "preload": true,
    "imEngineId": "latin",
    "dictFilePath": "dictionaries/es.dict"
  },
  {
    "label": "Français",
    "id": "latin::fr",
    "inputIds": [
      "fr",
      "fr-CA"
    ],
    "preload": true,
    "imEngineId": "latin",
    "dictFilePath": "dictionaries/fr.dict"
  },
  {
    "label": "Polski",
    "id": "latin::pl",
    "inputIds": [
      "pl"
    ],
    "preload": true,
    "imEngineId": "latin",
    "dictFilePath": "dictionaries/pl.dict"
  },
  {
    "label": "Português (do Brasil)",
    "id": "latin::pt_br",
    "inputIds": [
      "pt-BR"
    ],
    "preload": true,
    "imEngineId": "latin",
    "dictFilePath": "dictionaries/pt_br.dict"
  },
  {
    "label": "မြန်မာ",
    "id": "my",
    "inputIds": [
      "my"
    ],
    "preload": true
  },
  {
    "label": "拼音",
    "id": "zh-Hans-Pinyin",
    "inputIds": [
      "zh-Hans-Pinyin"
    ],
    "preload": true
  },
  {
    "label": "한국어",
    "id": "ko",
    "inputIds": [
      "ko"
    ],
    "preload": true
  }
]