{
  "layout": {
    "af": [
      {
        "layoutId": "en",
        "appManifestURL": "app://keyboard.gaiamobile.org/manifest.webapp"
      }
    ],
    "ar": [
      {
        "layoutId": "en",
        "appManifestURL": "app://keyboard.gaiamobile.org/manifest.webapp"
      }
    ],
    "as": [
      {
        "layoutId": "en",
        "appManifestURL": "app://keyboard.gaiamobile.org/manifest.webapp"
      }
    ],
    "bg": [
      {
        "layoutId": "en",
        "appManifestURL": "app://keyboard.gaiamobile.org/manifest.webapp"
      }
    ],
    "bn-BD": [
      {
        "layoutId": "en",
        "appManifestURL": "app://keyboard.gaiamobile.org/manifest.webapp"
      }
    ],
    "bs": [
      {
        "layoutId": "en",
        "appManifestURL": "app://keyboard.gaiamobile.org/manifest.webapp"
      }
    ],
    "ca": [
      {
        "layoutId": "en",
        "appManifestURL": "app://keyboard.gaiamobile.org/manifest.webapp"
      }
    ],
    "cs": [
      {
        "layoutId": "en",
        "appManifestURL": "app://keyboard.gaiamobile.org/manifest.webapp"
      }
    ],
    "cy": [
      {
        "layoutId": "en",
        "appManifestURL": "app://keyboard.gaiamobile.org/manifest.webapp"
      }
    ],
    "da": [
      {
        "layoutId": "en",
        "appManifestURL": "app://keyboard.gaiamobile.org/manifest.webapp"
      }
    ],
    "de": [
      {
        "layoutId": "de",
        "appManifestURL": "app://keyboard.gaiamobile.org/manifest.webapp"
      }
    ],
    "ee": [
      {
        "layoutId": "en",
        "appManifestURL": "app://keyboard.gaiamobile.org/manifest.webapp"
      }
    ],
    "el": [
      {
        "layoutId": "en",
        "appManifestURL": "app://keyboard.gaiamobile.org/manifest.webapp"
      }
    ],
    "en-GB": [
      {
        "layoutId": "en",
        "appManifestURL": "app://keyboard.gaiamobile.org/manifest.webapp"
      }
    ],
    "en-US": [
      {
        "layoutId": "en",
        "appManifestURL": "app://keyboard.gaiamobile.org/manifest.webapp"
      }
    ],
    "eo": [
      {
        "layoutId": "en",
        "appManifestURL": "app://keyboard.gaiamobile.org/manifest.webapp"
      }
    ],
    "es": [
      {
        "layoutId": "es",
        "appManifestURL": "app://keyboard.gaiamobile.org/manifest.webapp"
      }
    ],
    "et": [
      {
        "layoutId": "en",
        "appManifestURL": "app://keyboard.gaiamobile.org/manifest.webapp"
      }
    ],
    "eu": [
      {
        "layoutId": "es",
        "appManifestURL": "app://keyboard.gaiamobile.org/manifest.webapp"
      },
      {
        "layoutId": "fr",
        "appManifestURL": "app://keyboard.gaiamobile.org/manifest.webapp"
      },
      {
        "layoutId": "en",
        "appManifestURL": "app://keyboard.gaiamobile.org/manifest.webapp"
      }
    ],
    "ff": [
      {
        "layoutId": "fr",
        "appManifestURL": "app://keyboard.gaiamobile.org/manifest.webapp"
      },
      {
        "layoutId": "en",
        "appManifestURL": "app://keyboard.gaiamobile.org/manifest.webapp"
      }
    ],
    "fr": [
      {
        "layoutId": "fr",
        "appManifestURL": "app://keyboard.gaiamobile.org/manifest.webapp"
      }
    ],
    "fy-NL": [
      {
        "layoutId": "en",
        "appManifestURL": "app://keyboard.gaiamobile.org/manifest.webapp"
      }
    ],
    "ga-IE": [
      {
        "layoutId": "en",
        "appManifestURL": "app://keyboard.gaiamobile.org/manifest.webapp"
      }
    ],
    "gd": [
      {
        "layoutId": "en",
        "appManifestURL": "app://keyboard.gaiamobile.org/manifest.webapp"
      }
    ],
    "gl": [
      {
        "layoutId": "es",
        "appManifestURL": "app://keyboard.gaiamobile.org/manifest.webapp"
      }
    ],
    "ha": [
      {
        "layoutId": "en",
        "appManifestURL": "app://keyboard.gaiamobile.org/manifest.webapp"
      }
    ],
    "he": [
      {
        "layoutId": "en",
        "appManifestURL": "app://keyboard.gaiamobile.org/manifest.webapp"
      }
    ],
    "hi-IN": [
      {
        "layoutId": "en",
        "appManifestURL": "app://keyboard.gaiamobile.org/manifest.webapp"
      }
    ],
    "hr": [
      {
        "layoutId": "en",
        "appManifestURL": "app://keyboard.gaiamobile.org/manifest.webapp"
      }
    ],
    "ht": [
      {
        "layoutId": "en",
        "appManifestURL": "app://keyboard.gaiamobile.org/manifest.webapp"
      }
    ],
    "hu": [
      {
        "layoutId": "en",
        "appManifestURL": "app://keyboard.gaiamobile.org/manifest.webapp"
      }
    ],
    "id": [
      {
        "layoutId": "en",
        "appManifestURL": "app://keyboard.gaiamobile.org/manifest.webapp"
      }
    ],
    "ig": [
      {
        "layoutId": "en",
        "appManifestURL": "app://keyboard.gaiamobile.org/manifest.webapp"
      }
    ],
    "it": [
      {
        "layoutId": "en",
        "appManifestURL": "app://keyboard.gaiamobile.org/manifest.webapp"
      }
    ],
    "jp": [
      {
        "layoutId": "en",
        "appManifestURL": "app://keyboard.gaiamobile.org/manifest.webapp"
      }
    ],
    "ko": [
      {
        "layoutId": "en",
        "appManifestURL": "app://keyboard.gaiamobile.org/manifest.webapp"
      }
    ],
    "lg": [
      {
        "layoutId": "en",
        "appManifestURL": "app://keyboard.gaiamobile.org/manifest.webapp"
      }
    ],
    "lij": [
      {
        "layoutId": "en",
        "appManifestURL": "app://keyboard.gaiamobile.org/manifest.webapp"
      }
    ],
    "ln": [
      {
        "layoutId": "en",
        "appManifestURL": "app://keyboard.gaiamobile.org/manifest.webapp"
      }
    ],
    "mk": [
      {
        "layoutId": "en",
        "appManifestURL": "app://keyboard.gaiamobile.org/manifest.webapp"
      }
    ],
    "ml": [
      {
        "layoutId": "en",
        "appManifestURL": "app://keyboard.gaiamobile.org/manifest.webapp"
      }
    ],
    "mr": [
      {
        "layoutId": "en",
        "appManifestURL": "app://keyboard.gaiamobile.org/manifest.webapp"
      }
    ],
    "my": [
      {
        "layoutId": "my",
        "appManifestURL": "app://keyboard.gaiamobile.org/manifest.webapp"
      }
    ],
    "nb": [
      {
        "layoutId": "en",
        "appManifestURL": "app://keyboard.gaiamobile.org/manifest.webapp"
      }
    ],
    "nl": [
      {
        "layoutId": "en",
        "appManifestURL": "app://keyboard.gaiamobile.org/manifest.webapp"
      }
    ],
    "or": [
      {
        "layoutId": "en",
        "appManifestURL": "app://keyboard.gaiamobile.org/manifest.webapp"
      }
    ],
    "pa": [
      {
        "layoutId": "en",
        "appManifestURL": "app://keyboard.gaiamobile.org/manifest.webapp"
      }
    ],
    "pl": [
      {
        "layoutId": "pl",
        "appManifestURL": "app://keyboard.gaiamobile.org/manifest.webapp"
      }
    ],
    "pt-BR": [
      {
        "layoutId": "pt-BR",
        "appManifestURL": "app://keyboard.gaiamobile.org/manifest.webapp"
      }
    ],
    "ro": [
      {
        "layoutId": "en",
        "appManifestURL": "app://keyboard.gaiamobile.org/manifest.webapp"
      }
    ],
    "ru": [
      {
        "layoutId": "en",
        "appManifestURL": "app://keyboard.gaiamobile.org/manifest.webapp"
      }
    ],
    "sk": [
      {
        "layoutId": "en",
        "appManifestURL": "app://keyboard.gaiamobile.org/manifest.webapp"
      }
    ],
    "sl": [
      {
        "layoutId": "en",
        "appManifestURL": "app://keyboard.gaiamobile.org/manifest.webapp"
      }
    ],
    "son": [
      {
        "layoutId": "en",
        "appManifestURL": "app://keyboard.gaiamobile.org/manifest.webapp"
      }
    ],
    "sq": [
      {
        "layoutId": "en",
        "appManifestURL": "app://keyboard.gaiamobile.org/manifest.webapp"
      }
    ],
    "sr": [
      {
        "layoutId": "en",
        "appManifestURL": "app://keyboard.gaiamobile.org/manifest.webapp"
      }
    ],
    "sr-Cyrl": [
      {
        "layoutId": "en",
        "appManifestURL": "app://keyboard.gaiamobile.org/manifest.webapp"
      }
    ],
    "sr-Latn": [
      {
        "layoutId": "en",
        "appManifestURL": "app://keyboard.gaiamobile.org/manifest.webapp"
      }
    ],
    "sv-SE": [
      {
        "layoutId": "en",
        "appManifestURL": "app://keyboard.gaiamobile.org/manifest.webapp"
      }
    ],
    "sw": [
      {
        "layoutId": "en",
        "appManifestURL": "app://keyboard.gaiamobile.org/manifest.webapp"
      }
    ],
    "ta": [
      {
        "layoutId": "en",
        "appManifestURL": "app://keyboard.gaiamobile.org/manifest.webapp"
      }
    ],
    "te": [
      {
        "layoutId": "en",
        "appManifestURL": "app://keyboard.gaiamobile.org/manifest.webapp"
      }
    ],
    "tn": [
      {
        "layoutId": "en",
        "appManifestURL": "app://keyboard.gaiamobile.org/manifest.webapp"
      }
    ],
    "tr": [
      {
        "layoutId": "en",
        "appManifestURL": "app://keyboard.gaiamobile.org/manifest.webapp"
      }
    ],
    "ur": [
      {
        "layoutId": "en",
        "appManifestURL": "app://keyboard.gaiamobile.org/manifest.webapp"
      }
    ],
    "vi": [
      {
        "layoutId": "fr",
        "appManifestURL": "app://keyboard.gaiamobile.org/manifest.webapp"
      }
    ],
    "wo": [
      {
        "layoutId": "en",
        "appManifestURL": "app://keyboard.gaiamobile.org/manifest.webapp"
      }
    ],
    "xh": [
      {
        "layoutId": "en",
        "appManifestURL": "app://keyboard.gaiamobile.org/manifest.webapp"
      }
    ],
    "yo": [
      {
        "layoutId": "en",
        "appManifestURL": "app://keyboard.gaiamobile.org/manifest.webapp"
      }
    ],
    "zh-CN": [
      {
        "layoutId": "zh-Hans-Pinyin",
        "appManifestURL": "app://keyboard.gaiamobile.org/manifest.webapp"
      },
      {
        "layoutId": "en",
        "appManifestURL": "app://keyboard.gaiamobile.org/manifest.webapp"
      }
    ],
    "zh-TW": [
      {
        "layoutId": "en",
        "appManifestURL": "app://keyboard.gaiamobile.org/manifest.webapp"
      }
    ],
    "zu": [
      {
        "layoutId": "en",
        "appManifestURL": "app://keyboard.gaiamobile.org/manifest.webapp"
      }
    ]
  },
  "langIndependentLayouts": [
    {
      "layoutId": "number",
      "appManifestURL": "app://keyboard.gaiamobile.org/manifest.webapp"
    }
  ]
}